{
  "$schema": "http://json-schema.org/draft-07/schema#",
  "type": "object",
  "required": [
    "n",
    "split_index",
    "coverage_overall",
    "coverage_by_session",
    "hit_rate",
    "profit_factor"
  ],
  "properties": {
    "n": {
      "type": "integer"
    },
    "split_index": {
      "type": "integer"
    },
    "coverage_overall": {
      "type": "number"
    },
    "coverage_by_session": {
      "type": "object"
    },
    "hit_rate": {
      "type": "number"
    },
    "profit_factor": {
      "type": "number"
    }
  }
}